"X1","Year","topico","mean"
1,2003,"topico01",0.0653715846994535
2,2003,"topico02",0.0790707070707071
3,2003,"topico03",0.0979615384615385
4,2003,"topico04",0.0694630872483221
5,2003,"topico05",0.077325
6,2003,"topico06",0.0830191082802548
7,2003,"topico07",0.091188679245283
8,2003,"topico08",0.0874285714285714
9,2003,"topico09",0.0705967741935484
10,2003,"topico10",0.0642613636363636
11,2003,"topico100",0.0900213903743315
12,2003,"topico11",0.073504132231405
13,2003,"topico12",0.0630847457627119
14,2003,"topico13",0.0803674698795181
15,2003,"topico14",0.0400325203252033
16,2003,"topico15",0.0768526315789474
17,2003,"topico16",0.0548602150537634
18,2003,"topico17",0.0876
19,2003,"topico18",0.0779789473684211
20,2003,"topico19",0.0668731343283582
21,2003,"topico20",0.1019296875
22,2003,"topico21",0.0730099502487562
23,2003,"topico22",0.1001015625
24,2003,"topico23",0.0640833333333333
25,2003,"topico24",0.0704202898550725
26,2003,"topico25",0.0585882352941176
27,2003,"topico26",0.0650377358490566
28,2003,"topico27",0.0816756756756757
29,2003,"topico28",0.0754020618556701
30,2003,"topico29",0.0682317073170732
31,2003,"topico30",0.057984496124031
32,2003,"topico31",0.0625416666666667
33,2003,"topico32",0.0812978723404255
34,2003,"topico33",0.0647926509186352
35,2003,"topico34",0.0601304347826087
36,2003,"topico35",0.0564536082474227
37,2003,"topico36",0.0713626373626374
38,2003,"topico37",0.0914512820512821
39,2003,"topico38",0.0754684684684685
40,2003,"topico39",0.0845263157894737
41,2003,"topico40",0.0767608695652174
42,2003,"topico41",0.122543103448276
43,2003,"topico42",0.06469
44,2003,"topico43",0.0867537313432836
45,2003,"topico44",0.0673333333333333
46,2003,"topico45",0.0678526315789474
47,2003,"topico46",0.0576451612903226
48,2003,"topico47",0.0750285714285714
49,2003,"topico48",0.0933504273504274
50,2003,"topico49",0.0754222222222222
51,2003,"topico50",0.0861057692307692
52,2003,"topico51",0.11922962962963
53,2003,"topico52",0.0738620689655172
54,2003,"topico53",0.0912511013215859
55,2003,"topico54",0.0953478260869565
56,2003,"topico55",0.0903589743589744
57,2003,"topico56",0.0616633663366337
58,2003,"topico57",0.0867731092436975
59,2003,"topico58",0.0941553398058252
60,2003,"topico59",0.0765084745762712
61,2003,"topico60",0.0899664804469274
62,2003,"topico61",0.0821315789473684
63,2003,"topico62",0.0766530612244898
64,2003,"topico63",0.0794326923076923
65,2003,"topico64",0.114888888888889
66,2003,"topico65",0.0716377952755906
67,2003,"topico66",0.09278125
68,2003,"topico67",0.110717741935484
69,2003,"topico68",0.100967213114754
70,2003,"topico69",0.0893008130081301
71,2003,"topico70",0.0708783783783784
72,2003,"topico71",0.07975
73,2003,"topico72",0.0671590909090909
74,2003,"topico73",0.0713970588235294
75,2003,"topico74",0.100742857142857
76,2003,"topico75",0.0717078651685393
77,2003,"topico76",0.0452375
78,2003,"topico77",0.0712542372881356
79,2003,"topico78",0.0775945945945946
80,2003,"topico79",0.0858012422360248
81,2003,"topico80",0.078936170212766
82,2003,"topico81",0.074544
83,2003,"topico82",0.0923883495145631
84,2003,"topico83",0.0505523012552301
85,2003,"topico84",0.079
86,2003,"topico85",0.07973
87,2003,"topico86",0.0932119815668203
88,2003,"topico87",0.04671
89,2003,"topico88",0.0770990099009901
90,2003,"topico89",0.0715
91,2003,"topico90",0.0528571428571429
92,2003,"topico91",0.0483444909344491
93,2003,"topico92",0.110189473684211
94,2003,"topico93",0.0612792792792793
95,2003,"topico94",0.088656862745098
96,2003,"topico95",0.0874015151515151
97,2003,"topico96",0.0734731182795699
98,2003,"topico97",0.0852694300518135
99,2003,"topico98",0.119966216216216
100,2003,"topico99",0.0809528301886792
101,2004,"topico01",0.0834764705882353
102,2004,"topico02",0.0821648351648352
103,2004,"topico03",0.0745354330708661
104,2004,"topico04",0.0622936507936508
105,2004,"topico05",0.0978770491803279
106,2004,"topico06",0.0801268115942029
107,2004,"topico07",0.0791759259259259
108,2004,"topico08",0.0725865384615385
109,2004,"topico09",0.0715701754385965
110,2004,"topico10",0.0606826923076923
111,2004,"topico100",0.0833758389261745
112,2004,"topico11",0.080546875
113,2004,"topico12",0.0629656652360515
114,2004,"topico13",0.0701036585365854
115,2004,"topico14",0.0426990291262136
116,2004,"topico15",0.0836703296703297
117,2004,"topico16",0.072959595959596
118,2004,"topico17",0.0758051948051948
119,2004,"topico18",0.0891875
120,2004,"topico19",0.067359375
121,2004,"topico20",0.09975
122,2004,"topico21",0.053343023255814
123,2004,"topico22",0.115964071856287
124,2004,"topico23",0.0939550561797753
125,2004,"topico24",0.0825987261146497
126,2004,"topico25",0.079445945945946
127,2004,"topico26",0.0515961538461538
128,2004,"topico27",0.0788456790123457
129,2004,"topico28",0.0850091743119266
130,2004,"topico29",0.081183908045977
131,2004,"topico30",0.0617723577235772
132,2004,"topico31",0.0770114942528736
133,2004,"topico32",0.064551724137931
134,2004,"topico33",0.0546127167630058
135,2004,"topico34",0.0721159420289855
136,2004,"topico35",0.0861204819277108
137,2004,"topico36",0.0888125
138,2004,"topico37",0.0998699551569507
139,2004,"topico38",0.0709051724137931
140,2004,"topico39",0.0717954545454546
141,2004,"topico40",0.0595208333333333
142,2004,"topico41",0.148694029850746
143,2004,"topico42",0.0736444444444444
144,2004,"topico43",0.080936170212766
145,2004,"topico44",0.06683
146,2004,"topico45",0.0726559139784946
147,2004,"topico46",0.0658571428571429
148,2004,"topico47",0.0740576923076923
149,2004,"topico48",0.102100877192982
150,2004,"topico49",0.0678260869565217
151,2004,"topico50",0.0979181818181818
152,2004,"topico51",0.109157024793388
153,2004,"topico52",0.0742957746478873
154,2004,"topico53",0.0838354430379747
155,2004,"topico54",0.0988805970149254
156,2004,"topico55",0.0953896103896104
157,2004,"topico56",0.068196261682243
158,2004,"topico57",0.0850964912280702
159,2004,"topico58",0.0863711340206186
160,2004,"topico59",0.0628850574712644
161,2004,"topico60",0.0924875
162,2004,"topico61",0.091280701754386
163,2004,"topico62",0.0743516483516484
164,2004,"topico63",0.0777234042553192
165,2004,"topico64",0.0867731958762887
166,2004,"topico65",0.0759628099173554
167,2004,"topico66",0.0897888888888889
168,2004,"topico67",0.105834710743802
169,2004,"topico68",0.108444444444444
170,2004,"topico69",0.0854859813084112
171,2004,"topico70",0.0898533333333333
172,2004,"topico71",0.0895263157894737
173,2004,"topico72",0.0722699619771863
174,2004,"topico73",0.0967739726027397
175,2004,"topico74",0.0858991935483871
176,2004,"topico75",0.0784186046511628
177,2004,"topico76",0.0873516483516484
178,2004,"topico77",0.0774615384615385
179,2004,"topico78",0.0661308411214953
180,2004,"topico79",0.081974358974359
181,2004,"topico80",0.0745698924731183
182,2004,"topico81",0.08225
183,2004,"topico82",0.08619
184,2004,"topico83",0.081988416988417
185,2004,"topico84",0.0670352941176471
186,2004,"topico85",0.102035294117647
187,2004,"topico86",0.111324444444444
188,2004,"topico87",0.092125
189,2004,"topico88",0.0893882352941176
190,2004,"topico89",0.0731630434782609
191,2004,"topico90",0.0690331950207469
192,2004,"topico91",0.0428495702005731
193,2004,"topico92",0.0786666666666667
194,2004,"topico93",0.0868684210526316
195,2004,"topico94",0.0854505119453925
196,2004,"topico95",0.103175675675676
197,2004,"topico96",0.0738470588235294
198,2004,"topico97",0.090146017699115
199,2004,"topico98",0.0919565217391304
200,2004,"topico99",0.0826818181818182
201,2005,"topico01",0.0665371179039301
202,2005,"topico02",0.04734375
203,2005,"topico03",0.069179012345679
204,2005,"topico04",0.0685521472392638
205,2005,"topico05",0.0714876543209877
206,2005,"topico06",0.0673508287292818
207,2005,"topico07",0.0667430555555556
208,2005,"topico08",0.0813950617283951
209,2005,"topico09",0.0577769784172662
210,2005,"topico10",0.0556056338028169
211,2005,"topico100",0.0856302521008403
212,2005,"topico11",0.0618726114649682
213,2005,"topico12",0.0568566552901024
214,2005,"topico13",0.0778888888888889
215,2005,"topico14",0.0570623342175066
216,2005,"topico15",0.0737867647058824
217,2005,"topico16",0.0618679245283019
218,2005,"topico17",0.0796565217391304
219,2005,"topico18",0.0566575342465753
220,2005,"topico19",0.0646705882352941
221,2005,"topico20",0.100845161290323
222,2005,"topico21",0.0740466926070039
223,2005,"topico22",0.111893939393939
224,2005,"topico23",0.0622727272727273
225,2005,"topico24",0.0574179104477612
226,2005,"topico25",0.0700797101449275
227,2005,"topico26",0.0608064516129032
228,2005,"topico27",0.0743571428571429
229,2005,"topico28",0.0696285714285714
230,2005,"topico29",0.050816
231,2005,"topico30",0.0566643356643357
232,2005,"topico31",0.070777027027027
233,2005,"topico32",0.0686620689655172
234,2005,"topico33",0.05076
235,2005,"topico34",0.0560108695652174
236,2005,"topico35",0.0616906474820144
237,2005,"topico36",0.0569285714285714
238,2005,"topico37",0.0891587301587302
239,2005,"topico38",0.0498344370860927
240,2005,"topico39",0.0911095890410959
241,2005,"topico40",0.0775442176870748
242,2005,"topico41",0.0851635220125786
243,2005,"topico42",0.0671736111111111
244,2005,"topico43",0.08209
245,2005,"topico44",0.0698496732026144
246,2005,"topico45",0.0513770491803279
247,2005,"topico46",0.0534488636363636
248,2005,"topico47",0.072888198757764
249,2005,"topico48",0.0857003484320557
250,2005,"topico49",0.0544689265536723
251,2005,"topico50",0.0805450980392157
252,2005,"topico51",0.0911052631578947
253,2005,"topico52",0.0627844827586207
254,2005,"topico53",0.0869090909090909
255,2005,"topico54",0.0931923076923077
256,2005,"topico55",0.0630754716981132
257,2005,"topico56",0.0823170731707317
258,2005,"topico57",0.0593888888888889
259,2005,"topico58",0.0713355263157895
260,2005,"topico59",0.055958041958042
261,2005,"topico60",0.0887168949771689
262,2005,"topico61",0.0753421052631579
263,2005,"topico62",0.051007299270073
264,2005,"topico63",0.053504132231405
265,2005,"topico64",0.0683289473684211
266,2005,"topico65",0.0798670694864048
267,2005,"topico66",0.0746642857142857
268,2005,"topico67",0.0705454545454546
269,2005,"topico68",0.0678930817610063
270,2005,"topico69",0.0683779069767442
271,2005,"topico70",0.072905325443787
272,2005,"topico71",0.0703154761904762
273,2005,"topico72",0.0723535031847134
274,2005,"topico73",0.0671021505376344
275,2005,"topico74",0.088096463022508
276,2005,"topico75",0.05709375
277,2005,"topico76",0.0601483870967742
278,2005,"topico77",0.0910734463276836
279,2005,"topico78",0.089230303030303
280,2005,"topico79",0.0620725388601036
281,2005,"topico80",0.0633642857142857
282,2005,"topico81",0.0662967032967033
283,2005,"topico82",0.0660629921259843
284,2005,"topico83",0.0764184782608696
285,2005,"topico84",0.0758538461538462
286,2005,"topico85",0.0684285714285714
287,2005,"topico86",0.0846973180076628
288,2005,"topico87",0.0694528301886792
289,2005,"topico88",0.0771009174311927
290,2005,"topico89",0.0729701492537313
291,2005,"topico90",0.0658523076923077
292,2005,"topico91",0.046911377245509
293,2005,"topico92",0.0652571428571429
294,2005,"topico93",0.050047619047619
295,2005,"topico94",0.0783659942363112
296,2005,"topico95",0.0709838709677419
297,2005,"topico96",0.0659779411764706
298,2005,"topico97",0.0740749063670412
299,2005,"topico98",0.101336734693878
300,2005,"topico99",0.0606470588235294
301,2006,"topico01",0.0871452282157676
302,2006,"topico02",0.0808775510204082
303,2006,"topico03",0.0971783439490446
304,2006,"topico04",0.0720191082802548
305,2006,"topico05",0.0898815789473684
306,2006,"topico06",0.0790269607843137
307,2006,"topico07",0.0931733333333333
308,2006,"topico08",0.0798258064516129
309,2006,"topico09",0.081593023255814
310,2006,"topico10",0.0733714285714286
311,2006,"topico100",0.109023255813953
312,2006,"topico11",0.0733953488372093
313,2006,"topico12",0.0739682997118156
314,2006,"topico13",0.0895727699530516
315,2006,"topico14",0.0580841784989858
316,2006,"topico15",0.0952538461538461
317,2006,"topico16",0.0911377245508982
318,2006,"topico17",0.0859744680851064
319,2006,"topico18",0.105795774647887
320,2006,"topico19",0.0805
321,2006,"topico20",0.0953563829787234
322,2006,"topico21",0.0823378378378378
323,2006,"topico22",0.135653846153846
324,2006,"topico23",0.104594405594406
325,2006,"topico24",0.0696329787234043
326,2006,"topico25",0.0839393939393939
327,2006,"topico26",0.0700402684563758
328,2006,"topico27",0.0803333333333333
329,2006,"topico28",0.0839212121212121
330,2006,"topico29",0.0793742331288344
331,2006,"topico30",0.0658333333333333
332,2006,"topico31",0.10980985915493
333,2006,"topico32",0.0926285714285714
334,2006,"topico33",0.0686810506566604
335,2006,"topico34",0.0937692307692308
336,2006,"topico35",0.0724013605442177
337,2006,"topico36",0.0783391304347826
338,2006,"topico37",0.107087108013937
339,2006,"topico38",0.0708562874251497
340,2006,"topico39",0.0861016949152542
341,2006,"topico40",0.0708811188811189
342,2006,"topico41",0.105743016759777
343,2006,"topico42",0.0765407407407407
344,2006,"topico43",0.0936479591836735
345,2006,"topico44",0.0861641791044776
346,2006,"topico45",0.0579734513274336
347,2006,"topico46",0.08506
348,2006,"topico47",0.0912360248447205
349,2006,"topico48",0.105635593220339
350,2006,"topico49",0.0901494845360825
351,2006,"topico50",0.0962822299651568
352,2006,"topico51",0.101610837438424
353,2006,"topico52",0.089625
354,2006,"topico53",0.102662790697674
355,2006,"topico54",0.0988031088082902
356,2006,"topico55",0.0886615384615385
357,2006,"topico56",0.0699779411764706
358,2006,"topico57",0.0829302325581395
359,2006,"topico58",0.0932181818181818
360,2006,"topico59",0.0659011627906977
361,2006,"topico60",0.104666666666667
362,2006,"topico61",0.0917041984732824
363,2006,"topico62",0.0802230215827338
364,2006,"topico63",0.0963145161290323
365,2006,"topico64",0.0951882352941176
366,2006,"topico65",0.0894075067024129
367,2006,"topico66",0.0891538461538462
368,2006,"topico67",0.09708125
369,2006,"topico68",0.089413612565445
370,2006,"topico69",0.0825952380952381
371,2006,"topico70",0.0804285714285714
372,2006,"topico71",0.102167741935484
373,2006,"topico72",0.0568864516129032
374,2006,"topico73",0.0870336538461538
375,2006,"topico74",0.103213855421687
376,2006,"topico75",0.0718863636363636
377,2006,"topico76",0.0734025157232704
378,2006,"topico77",0.08806875
379,2006,"topico78",0.0832857142857143
380,2006,"topico79",0.0954393305439331
381,2006,"topico80",0.0941805555555556
382,2006,"topico81",0.0763689839572192
383,2006,"topico82",0.0837404580152672
384,2006,"topico83",0.0844746543778802
385,2006,"topico84",0.0827894736842105
386,2006,"topico85",0.104775362318841
387,2006,"topico86",0.104761538461538
388,2006,"topico87",0.119272727272727
389,2006,"topico88",0.0828153846153846
390,2006,"topico89",0.0900287769784173
391,2006,"topico90",0.0752456140350877
392,2006,"topico91",0.0526274165202109
393,2006,"topico92",0.0897421875
394,2006,"topico93",0.0762012987012987
395,2006,"topico94",0.0831546134663342
396,2006,"topico95",0.0923173076923077
397,2006,"topico96",0.0905909090909091
398,2006,"topico97",0.095984375
399,2006,"topico98",0.0959370460048426
400,2006,"topico99",0.0828541666666667
401,2007,"topico01",0.0616541095890411
402,2007,"topico02",0.0892185792349727
403,2007,"topico03",0.100193396226415
404,2007,"topico04",0.0787234042553192
405,2007,"topico05",0.0884601769911504
406,2007,"topico06",0.0733920792079208
407,2007,"topico07",0.0774460784313726
408,2007,"topico08",0.0780818181818182
409,2007,"topico09",0.0658834951456311
410,2007,"topico10",0.0679477124183007
411,2007,"topico100",0.0963609271523179
412,2007,"topico11",0.0774780701754386
413,2007,"topico12",0.073168776371308
414,2007,"topico13",0.0861214285714286
415,2007,"topico14",0.0535108877721943
416,2007,"topico15",0.089145945945946
417,2007,"topico16",0.072121359223301
418,2007,"topico17",0.0806666666666667
419,2007,"topico18",0.0942564102564103
420,2007,"topico19",0.0699098712446352
421,2007,"topico20",0.101915422885572
422,2007,"topico21",0.079495867768595
423,2007,"topico22",0.118629090909091
424,2007,"topico23",0.0689691358024691
425,2007,"topico24",0.08837109375
426,2007,"topico25",0.0837790697674419
427,2007,"topico26",0.0627427184466019
428,2007,"topico27",0.0797665369649805
429,2007,"topico28",0.08266
430,2007,"topico29",0.0813917525773196
431,2007,"topico30",0.0552261306532663
432,2007,"topico31",0.0905681818181818
433,2007,"topico32",0.0803135135135135
434,2007,"topico33",0.0619018759018759
435,2007,"topico34",0.0659777777777778
436,2007,"topico35",0.0674606741573034
437,2007,"topico36",0.0743521126760563
438,2007,"topico37",0.094005698005698
439,2007,"topico38",0.0887603686635945
440,2007,"topico39",0.0851853658536585
441,2007,"topico40",0.0535294117647059
442,2007,"topico41",0.124843049327354
443,2007,"topico42",0.0913315217391304
444,2007,"topico43",0.0909391634980989
445,2007,"topico44",0.0858620689655172
446,2007,"topico45",0.0609939024390244
447,2007,"topico46",0.0873824701195219
448,2007,"topico47",0.0710881057268722
449,2007,"topico48",0.113213656387665
450,2007,"topico49",0.0838264462809917
451,2007,"topico50",0.10103324099723
452,2007,"topico51",0.101434343434343
453,2007,"topico52",0.0762366863905325
454,2007,"topico53",0.089139650872818
455,2007,"topico54",0.103071129707113
456,2007,"topico55",0.0951061452513966
457,2007,"topico56",0.0757541899441341
458,2007,"topico57",0.0846279069767442
459,2007,"topico58",0.0869192825112108
460,2007,"topico59",0.0667871287128713
461,2007,"topico60",0.103679012345679
462,2007,"topico61",0.0752866344605475
463,2007,"topico62",0.0711794871794872
464,2007,"topico63",0.0688954248366013
465,2007,"topico64",0.0962783018867925
466,2007,"topico65",0.0745119825708061
467,2007,"topico66",0.0770418848167539
468,2007,"topico67",0.110283898305085
469,2007,"topico68",0.096547263681592
470,2007,"topico69",0.0867222222222222
471,2007,"topico70",0.0894624505928854
472,2007,"topico71",0.0776532663316583
473,2007,"topico72",0.0619148264984227
474,2007,"topico73",0.0893385214007782
475,2007,"topico74",0.0901941031941032
476,2007,"topico75",0.0903454545454545
477,2007,"topico76",0.0762
478,2007,"topico77",0.0880642201834862
479,2007,"topico78",0.0631813186813187
480,2007,"topico79",0.0885618374558304
481,2007,"topico80",0.0804095744680851
482,2007,"topico81",0.080210970464135
483,2007,"topico82",0.0851966292134831
484,2007,"topico83",0.0846354961832061
485,2007,"topico84",0.0657784431137725
486,2007,"topico85",0.0921497005988024
487,2007,"topico86",0.096109243697479
488,2007,"topico87",0.0724387755102041
489,2007,"topico88",0.089169696969697
490,2007,"topico89",0.0762154696132597
491,2007,"topico90",0.0690906976744186
492,2007,"topico91",0.0601941391941392
493,2007,"topico92",0.0877630057803468
494,2007,"topico93",0.0886566265060241
495,2007,"topico94",0.0806458333333333
496,2007,"topico95",0.0954144486692015
497,2007,"topico96",0.0816173469387755
498,2007,"topico97",0.0860529247910864
499,2007,"topico98",0.0892215568862275
500,2007,"topico99",0.0967230046948357
501,2008,"topico01",0.0798205128205128
502,2008,"topico02",0.100712820512821
503,2008,"topico03",0.0998291457286432
504,2008,"topico04",0.0730187265917603
505,2008,"topico05",0.101508196721311
506,2008,"topico06",0.0765831809872029
507,2008,"topico07",0.077681592039801
508,2008,"topico08",0.101189189189189
509,2008,"topico09",0.0721359223300971
510,2008,"topico10",0.0768081395348837
511,2008,"topico100",0.102765027322404
512,2008,"topico11",0.0776938775510204
513,2008,"topico12",0.0755115384615385
514,2008,"topico13",0.0990242424242424
515,2008,"topico14",0.0568878990348924
516,2008,"topico15",0.0918636363636364
517,2008,"topico16",0.067991341991342
518,2008,"topico17",0.0919264305177112
519,2008,"topico18",0.0930480769230769
520,2008,"topico19",0.0808687943262411
521,2008,"topico20",0.114422018348624
522,2008,"topico21",0.0725258215962441
523,2008,"topico22",0.102900735294118
524,2008,"topico23",0.0884795321637427
525,2008,"topico24",0.0795037037037037
526,2008,"topico25",0.0981761904761905
527,2008,"topico26",0.0780567010309278
528,2008,"topico27",0.082148
529,2008,"topico28",0.0938141592920354
530,2008,"topico29",0.0822020725388601
531,2008,"topico30",0.0560460829493088
532,2008,"topico31",0.099745
533,2008,"topico32",0.0794147727272727
534,2008,"topico33",0.0619905660377358
535,2008,"topico34",0.0674346153846154
536,2008,"topico35",0.0796648648648649
537,2008,"topico36",0.089775641025641
538,2008,"topico37",0.101417098445596
539,2008,"topico38",0.100164444444444
540,2008,"topico39",0.0815882352941176
541,2008,"topico40",0.0847641025641026
542,2008,"topico41",0.118625
543,2008,"topico42",0.0754228571428571
544,2008,"topico43",0.102298245614035
545,2008,"topico44",0.091054054054054
546,2008,"topico45",0.092989847715736
547,2008,"topico46",0.0842902097902098
548,2008,"topico47",0.0930210084033613
549,2008,"topico48",0.111991803278689
550,2008,"topico49",0.0857212543554007
551,2008,"topico50",0.0901691176470588
552,2008,"topico51",0.125663900414938
553,2008,"topico52",0.0861467391304348
554,2008,"topico53",0.0931409090909091
555,2008,"topico54",0.0858067226890756
556,2008,"topico55",0.100478947368421
557,2008,"topico56",0.0657845303867403
558,2008,"topico57",0.0812164502164502
559,2008,"topico58",0.111020161290323
560,2008,"topico59",0.0719073170731707
561,2008,"topico60",0.106362229102167
562,2008,"topico61",0.079030534351145
563,2008,"topico62",0.0893551401869159
564,2008,"topico63",0.0800056818181818
565,2008,"topico64",0.107975124378109
566,2008,"topico65",0.0853235867446394
567,2008,"topico66",0.0852912621359223
568,2008,"topico67",0.0968787878787879
569,2008,"topico68",0.0922243902439024
570,2008,"topico69",0.0987030567685589
571,2008,"topico70",0.0762073170731707
572,2008,"topico71",0.086914979757085
573,2008,"topico72",0.0674701348747592
574,2008,"topico73",0.0908571428571429
575,2008,"topico74",0.0851050328227571
576,2008,"topico75",0.0812081218274112
577,2008,"topico76",0.0670628571428571
578,2008,"topico77",0.0915458015267176
579,2008,"topico78",0.0768905472636816
580,2008,"topico79",0.106424802110818
581,2008,"topico80",0.0780777202072539
582,2008,"topico81",0.0806371308016878
583,2008,"topico82",0.0765674157303371
584,2008,"topico83",0.0744211502782931
585,2008,"topico84",0.0881067415730337
586,2008,"topico85",0.0798111111111111
587,2008,"topico86",0.0986015831134565
588,2008,"topico87",0.0832603305785124
589,2008,"topico88",0.0731506024096386
590,2008,"topico89",0.096343137254902
591,2008,"topico90",0.0844595141700405
592,2008,"topico91",0.0573123797305965
593,2008,"topico92",0.0955795454545455
594,2008,"topico93",0.0792747252747253
595,2008,"topico94",0.0927086330935252
596,2008,"topico95",0.0943470031545741
597,2008,"topico96",0.0852562814070352
598,2008,"topico97",0.0912298288508557
599,2008,"topico98",0.0952003546099291
600,2008,"topico99",0.0900813397129187
601,2009,"topico01",0.0682808641975309
602,2009,"topico02",0.0901356783919598
603,2009,"topico03",0.0879411764705882
604,2009,"topico04",0.0762304832713755
605,2009,"topico05",0.0894078431372549
606,2009,"topico06",0.0791392617449664
607,2009,"topico07",0.086972602739726
608,2009,"topico08",0.102590579710145
609,2009,"topico09",0.0709358974358974
610,2009,"topico10",0.0630714285714286
611,2009,"topico100",0.10252784503632
612,2009,"topico11",0.0791164658634538
613,2009,"topico12",0.0843470790378007
614,2009,"topico13",0.0924623955431755
615,2009,"topico14",0.058836389280677
616,2009,"topico15",0.09575
617,2009,"topico16",0.0777088607594937
618,2009,"topico17",0.0914181818181818
619,2009,"topico18",0.104171314741036
620,2009,"topico19",0.07647265625
621,2009,"topico20",0.113402542372881
622,2009,"topico21",0.08165
623,2009,"topico22",0.113484962406015
624,2009,"topico23",0.087300518134715
625,2009,"topico24",0.0815168918918919
626,2009,"topico25",0.0896885245901639
627,2009,"topico26",0.082448275862069
628,2009,"topico27",0.0736236162361624
629,2009,"topico28",0.0943346613545817
630,2009,"topico29",0.0854805194805195
631,2009,"topico30",0.0776666666666667
632,2009,"topico31",0.0816926406926407
633,2009,"topico32",0.0932666666666667
634,2009,"topico33",0.0756722288438617
635,2009,"topico34",0.0807566539923954
636,2009,"topico35",0.0659382716049383
637,2009,"topico36",0.0957724867724868
638,2009,"topico37",0.108286445012788
639,2009,"topico38",0.0907438016528926
640,2009,"topico39",0.0951692307692308
641,2009,"topico40",0.0847389558232932
642,2009,"topico41",0.126199152542373
643,2009,"topico42",0.0899350649350649
644,2009,"topico43",0.113542124542125
645,2009,"topico44",0.0829356435643564
646,2009,"topico45",0.07585
647,2009,"topico46",0.0845105740181269
648,2009,"topico47",0.0689739776951673
649,2009,"topico48",0.119853974121996
650,2009,"topico49",0.0866273764258555
651,2009,"topico50",0.100210396039604
652,2009,"topico51",0.122813492063492
653,2009,"topico52",0.0897927461139896
654,2009,"topico53",0.0930993914807302
655,2009,"topico54",0.106016806722689
656,2009,"topico55",0.0874705882352941
657,2009,"topico56",0.0772056074766355
658,2009,"topico57",0.0849018867924528
659,2009,"topico58",0.110151111111111
660,2009,"topico59",0.0659703389830509
661,2009,"topico60",0.106222222222222
662,2009,"topico61",0.0769239598278336
663,2009,"topico62",0.0850590909090909
664,2009,"topico63",0.0769027027027027
665,2009,"topico64",0.0996153846153846
666,2009,"topico65",0.0870521739130435
667,2009,"topico66",0.0853014354066986
668,2009,"topico67",0.0966444444444444
669,2009,"topico68",0.0969955947136564
670,2009,"topico69",0.0942489626556017
671,2009,"topico70",0.0823860294117647
672,2009,"topico71",0.0831767441860465
673,2009,"topico72",0.0753522438611346
674,2009,"topico73",0.113295302013423
675,2009,"topico74",0.0828030634573304
676,2009,"topico75",0.089985
677,2009,"topico76",0.0746853448275862
678,2009,"topico77",0.08201171875
679,2009,"topico78",0.0935627705627706
680,2009,"topico79",0.0955919540229885
681,2009,"topico80",0.0899099526066351
682,2009,"topico81",0.0737575757575758
683,2009,"topico82",0.0831157894736842
684,2009,"topico83",0.0774612903225806
685,2009,"topico84",0.0903121693121693
686,2009,"topico85",0.0977
687,2009,"topico86",0.0946148148148148
688,2009,"topico87",0.0874339622641509
689,2009,"topico88",0.116465517241379
690,2009,"topico89",0.089975
691,2009,"topico90",0.0778895463510848
692,2009,"topico91",0.0551176821983274
693,2009,"topico92",0.102793269230769
694,2009,"topico93",0.0708282828282828
695,2009,"topico94",0.0904039087947883
696,2009,"topico95",0.0905679442508711
697,2009,"topico96",0.0920263157894737
698,2009,"topico97",0.0956478873239437
699,2009,"topico98",0.0901883333333333
700,2009,"topico99",0.0818090909090909
701,2010,"topico01",0.0707202380952381
702,2010,"topico02",0.0921679389312977
703,2010,"topico03",0.0817444933920705
704,2010,"topico04",0.0869667896678967
705,2010,"topico05",0.101892508143322
706,2010,"topico06",0.0799756888168558
707,2010,"topico07",0.107857142857143
708,2010,"topico08",0.106326996197719
709,2010,"topico09",0.0806363636363636
710,2010,"topico10",0.0627611940298508
711,2010,"topico100",0.121081818181818
712,2010,"topico11",0.0702745098039216
713,2010,"topico12",0.0838300884955752
714,2010,"topico13",0.0856239316239316
715,2010,"topico14",0.0557571989528796
716,2010,"topico15",0.0908541666666667
717,2010,"topico16",0.0761127819548872
718,2010,"topico17",0.104704595185996
719,2010,"topico18",0.0945061728395062
720,2010,"topico19",0.0834801324503311
721,2010,"topico20",0.104615120274914
722,2010,"topico21",0.0896550976138829
723,2010,"topico22",0.11891961414791
724,2010,"topico23",0.0793521126760563
725,2010,"topico24",0.0800851735015773
726,2010,"topico25",0.0795882352941177
727,2010,"topico26",0.0746533864541833
728,2010,"topico27",0.0899129032258065
729,2010,"topico28",0.0975172413793104
730,2010,"topico29",0.0740114942528736
731,2010,"topico30",0.0747263157894737
732,2010,"topico31",0.0959385964912281
733,2010,"topico32",0.0827553648068669
734,2010,"topico33",0.0666238532110092
735,2010,"topico34",0.0717849056603774
736,2010,"topico35",0.0686062992125984
737,2010,"topico36",0.0965904255319149
738,2010,"topico37",0.0958329519450801
739,2010,"topico38",0.0978469387755102
740,2010,"topico39",0.0956190476190476
741,2010,"topico40",0.0648384279475983
742,2010,"topico41",0.100789644012945
743,2010,"topico42",0.0913363636363636
744,2010,"topico43",0.0994933333333333
745,2010,"topico44",0.0889362549800797
746,2010,"topico45",0.0926139534883721
747,2010,"topico46",0.0766378737541528
748,2010,"topico47",0.0876470588235294
749,2010,"topico48",0.131675986842105
750,2010,"topico49",0.0818646864686469
751,2010,"topico50",0.101512396694215
752,2010,"topico51",0.102692307692308
753,2010,"topico52",0.115953781512605
754,2010,"topico53",0.0892340425531915
755,2010,"topico54",0.10856890459364
756,2010,"topico55",0.078479381443299
757,2010,"topico56",0.0734583333333333
758,2010,"topico57",0.0878205980066445
759,2010,"topico58",0.0993309608540925
760,2010,"topico59",0.0752390438247012
761,2010,"topico60",0.0923536585365854
762,2010,"topico61",0.0819641909814324
763,2010,"topico62",0.09265
764,2010,"topico63",0.0814210526315789
765,2010,"topico64",0.0922913385826772
766,2010,"topico65",0.08706
767,2010,"topico66",0.0888455284552846
768,2010,"topico67",0.0981992753623188
769,2010,"topico68",0.105921933085502
770,2010,"topico69",0.0949821428571429
771,2010,"topico70",0.0791921824104235
772,2010,"topico71",0.0961141732283465
773,2010,"topico72",0.0739243765084473
774,2010,"topico73",0.0935315068493151
775,2010,"topico74",0.0905189620758483
776,2010,"topico75",0.0848362068965517
777,2010,"topico76",0.0806398305084746
778,2010,"topico77",0.0897351778656127
779,2010,"topico78",0.0761487603305785
780,2010,"topico79",0.0997227979274611
781,2010,"topico80",0.0857054263565891
782,2010,"topico81",0.0777508196721311
783,2010,"topico82",0.0975
784,2010,"topico83",0.083936170212766
785,2010,"topico84",0.083331983805668
786,2010,"topico85",0.100691629955947
787,2010,"topico86",0.0904248021108179
788,2010,"topico87",0.0773820224719101
789,2010,"topico88",0.0868086124401914
790,2010,"topico89",0.0873601694915254
791,2010,"topico90",0.0754102564102564
792,2010,"topico91",0.0559606077658976
793,2010,"topico92",0.0892798353909465
794,2010,"topico93",0.0680203045685279
795,2010,"topico94",0.0880015384615385
796,2010,"topico95",0.0930737463126844
797,2010,"topico96",0.0858774703557312
798,2010,"topico97",0.10741309255079
799,2010,"topico98",0.0967202572347267
800,2010,"topico99",0.0852429149797571
801,2011,"topico01",0.0811363636363636
802,2011,"topico02",0.100809885931559
803,2011,"topico03",0.0937206896551724
804,2011,"topico04",0.0704502762430939
805,2011,"topico05",0.113027472527473
806,2011,"topico06",0.0846310013717421
807,2011,"topico07",0.0942120141342756
808,2011,"topico08",0.100836858006042
809,2011,"topico09",0.0640174216027874
810,2011,"topico10",0.0722208835341365
811,2011,"topico100",0.111260115606936
812,2011,"topico11",0.0764515151515151
813,2011,"topico12",0.092044733044733
814,2011,"topico13",0.0935560859188544
815,2011,"topico14",0.0647664453832227
816,2011,"topico15",0.084115671641791
817,2011,"topico16",0.0746037151702786
818,2011,"topico17",0.103584867075665
819,2011,"topico18",0.0931952054794521
820,2011,"topico19",0.0678251533742331
821,2011,"topico20",0.0979931034482759
822,2011,"topico21",0.0828962962962963
823,2011,"topico22",0.0940847953216374
824,2011,"topico23",0.0744365079365079
825,2011,"topico24",0.0902430167597765
826,2011,"topico25",0.0835833333333333
827,2011,"topico26",0.0704888178913738
828,2011,"topico27",0.0829246987951807
829,2011,"topico28",0.0920895061728395
830,2011,"topico29",0.0748505747126437
831,2011,"topico30",0.0687530120481928
832,2011,"topico31",0.0817335907335907
833,2011,"topico32",0.0787043795620438
834,2011,"topico33",0.077184693877551
835,2011,"topico34",0.0738680981595092
836,2011,"topico35",0.0845225563909774
837,2011,"topico36",0.100348623853211
838,2011,"topico37",0.10536231884058
839,2011,"topico38",0.0805495495495495
840,2011,"topico39",0.0950608365019011
841,2011,"topico40",0.0728288590604027
842,2011,"topico41",0.12440782122905
843,2011,"topico42",0.0832813688212928
844,2011,"topico43",0.105145772594752
845,2011,"topico44",0.0850535714285714
846,2011,"topico45",0.0636260869565217
847,2011,"topico46",0.0771756373937677
848,2011,"topico47",0.075505016722408
849,2011,"topico48",0.115750746268657
850,2011,"topico49",0.0959052924791086
851,2011,"topico50",0.0927569296375267
852,2011,"topico51",0.11070253164557
853,2011,"topico52",0.0990241935483871
854,2011,"topico53",0.0948220183486238
855,2011,"topico54",0.0854454828660436
856,2011,"topico55",0.0984808510638298
857,2011,"topico56",0.0714625550660793
858,2011,"topico57",0.0826435331230284
859,2011,"topico58",0.0957846153846154
860,2011,"topico59",0.072458041958042
861,2011,"topico60",0.0866418604651163
862,2011,"topico61",0.0860011947431302
863,2011,"topico62",0.0681163636363636
864,2011,"topico63",0.0871908713692946
865,2011,"topico64",0.0899290780141844
866,2011,"topico65",0.0820705521472393
867,2011,"topico66",0.0955551601423488
868,2011,"topico67",0.0864070796460177
869,2011,"topico68",0.117525252525253
870,2011,"topico69",0.0739391891891892
871,2011,"topico70",0.0717264705882353
872,2011,"topico71",0.0784761904761905
873,2011,"topico72",0.0781937689969605
874,2011,"topico73",0.0895628140703518
875,2011,"topico74",0.084448905109489
876,2011,"topico75",0.085672
877,2011,"topico76",0.0758697318007663
878,2011,"topico77",0.0832902097902098
879,2011,"topico78",0.0756013986013986
880,2011,"topico79",0.0848631090487239
881,2011,"topico80",0.080719723183391
882,2011,"topico81",0.083921686746988
883,2011,"topico82",0.0789314516129032
884,2011,"topico83",0.0795575842696629
885,2011,"topico84",0.0944940711462451
886,2011,"topico85",0.08065234375
887,2011,"topico86",0.0971220556745182
888,2011,"topico87",0.0872838283828383
889,2011,"topico88",0.088936170212766
890,2011,"topico89",0.0990634328358209
891,2011,"topico90",0.068461038961039
892,2011,"topico91",0.0662865404837014
893,2011,"topico92",0.0966653696498054
894,2011,"topico93",0.0730542635658915
895,2011,"topico94",0.0876653225806452
896,2011,"topico95",0.0934396355353075
897,2011,"topico96",0.0935276752767528
898,2011,"topico97",0.0905858585858586
899,2011,"topico98",0.0958324099722992
900,2011,"topico99",0.08265625
901,2012,"topico01",0.0720602094240838
902,2012,"topico02",0.0944208633093525
903,2012,"topico03",0.095794964028777
904,2012,"topico04",0.0790561797752809
905,2012,"topico05",0.105536231884058
906,2012,"topico06",0.0889971870604782
907,2012,"topico07",0.0862591093117409
908,2012,"topico08",0.0894709302325581
909,2012,"topico09",0.0768402555910543
910,2012,"topico10",0.064281746031746
911,2012,"topico100",0.104504166666667
912,2012,"topico11",0.0763130990415335
913,2012,"topico12",0.0870134328358209
914,2012,"topico13",0.094968824940048
915,2012,"topico14",0.0715607587433314
916,2012,"topico15",0.0772234042553192
917,2012,"topico16",0.075465625
918,2012,"topico17",0.095997867803838
919,2012,"topico18",0.100944636678201
920,2012,"topico19",0.0768159340659341
921,2012,"topico20",0.114740614334471
922,2012,"topico21",0.0825858208955224
923,2012,"topico22",0.104750750750751
924,2012,"topico23",0.088970479704797
925,2012,"topico24",0.0823392330383481
926,2012,"topico25",0.0752932330827068
927,2012,"topico26",0.0844370860927152
928,2012,"topico27",0.0905552050473186
929,2012,"topico28",0.100866477272727
930,2012,"topico29",0.0892985611510791
931,2012,"topico30",0.0665060606060606
932,2012,"topico31",0.0971315789473684
933,2012,"topico32",0.0814738805970149
934,2012,"topico33",0.0738536842105263
935,2012,"topico34",0.0679292307692308
936,2012,"topico35",0.06396484375
937,2012,"topico36",0.0818215962441315
938,2012,"topico37",0.104932059447983
939,2012,"topico38",0.093130303030303
940,2012,"topico39",0.0919540636042403
941,2012,"topico40",0.0864363636363636
942,2012,"topico41",0.106631268436578
943,2012,"topico42",0.0943675889328063
944,2012,"topico43",0.096219298245614
945,2012,"topico44",0.0873937007874016
946,2012,"topico45",0.0865
947,2012,"topico46",0.0808264705882353
948,2012,"topico47",0.0753933823529412
949,2012,"topico48",0.128159305993691
950,2012,"topico49",0.0972332439678284
951,2012,"topico50",0.0914516765285996
952,2012,"topico51",0.117522580645161
953,2012,"topico52",0.0950919540229885
954,2012,"topico53",0.0983765765765766
955,2012,"topico54",0.10088064516129
956,2012,"topico55",0.0769222222222222
957,2012,"topico56",0.0701641221374046
958,2012,"topico57",0.084248502994012
959,2012,"topico58",0.103036585365854
960,2012,"topico59",0.0658697068403909
961,2012,"topico60",0.100505025125628
962,2012,"topico61",0.0798613989637306
963,2012,"topico62",0.0770108303249098
964,2012,"topico63",0.0788387096774193
965,2012,"topico64",0.0909494163424125
966,2012,"topico65",0.0873333333333333
967,2012,"topico66",0.082443729903537
968,2012,"topico67",0.0910847457627119
969,2012,"topico68",0.100056140350877
970,2012,"topico69",0.0937328519855596
971,2012,"topico70",0.0734857142857143
972,2012,"topico71",0.0889520766773163
973,2012,"topico72",0.074551776266062
974,2012,"topico73",0.0982242268041237
975,2012,"topico74",0.0879155963302752
976,2012,"topico75",0.0870243902439024
977,2012,"topico76",0.0813240418118467
978,2012,"topico77",0.107580174927114
979,2012,"topico78",0.0938664495114006
980,2012,"topico79",0.0980450236966825
981,2012,"topico80",0.0852245614035088
982,2012,"topico81",0.086398773006135
983,2012,"topico82",0.0781330472103004
984,2012,"topico83",0.0890564174894217
985,2012,"topico84",0.0805495495495496
986,2012,"topico85",0.0989628252788104
987,2012,"topico86",0.0984712389380531
988,2012,"topico87",0.0890912162162162
989,2012,"topico88",0.105117647058824
990,2012,"topico89",0.0881370967741936
991,2012,"topico90",0.0756243902439024
992,2012,"topico91",0.0666132026817947
993,2012,"topico92",0.0869557195571956
994,2012,"topico93",0.0692810218978102
995,2012,"topico94",0.0961171548117155
996,2012,"topico95",0.0966336633663366
997,2012,"topico96",0.0882748091603053
998,2012,"topico97",0.0976699029126214
999,2012,"topico98",0.107420979020979
1000,2012,"topico99",0.0898351254480287
1001,2013,"topico01",0.0698791946308725
1002,2013,"topico02",0.0995470588235294
1003,2013,"topico03",0.0887993197278912
1004,2013,"topico04",0.0781395348837209
1005,2013,"topico05",0.0976850393700787
1006,2013,"topico06",0.0878182912154031
1007,2013,"topico07",0.0808080808080808
1008,2013,"topico08",0.0957859078590786
1009,2013,"topico09",0.066976401179941
1010,2013,"topico10",0.0665108695652174
1011,2013,"topico100",0.104477586206897
1012,2013,"topico11",0.0698941504178273
1013,2013,"topico12",0.0796427586206897
1014,2013,"topico13",0.0889465811965812
1015,2013,"topico14",0.0769445676274945
1016,2013,"topico15",0.0945170068027211
1017,2013,"topico16",0.0846128205128205
1018,2013,"topico17",0.0925984990619137
1019,2013,"topico18",0.0942903225806452
1020,2013,"topico19",0.0846977272727273
1021,2013,"topico20",0.113510903426791
1022,2013,"topico21",0.0835301204819277
1023,2013,"topico22",0.105335260115607
1024,2013,"topico23",0.0912430769230769
1025,2013,"topico24",0.0722315270935961
1026,2013,"topico25",0.0938900709219858
1027,2013,"topico26",0.0672878338278932
1028,2013,"topico27",0.0888052325581395
1029,2013,"topico28",0.0970094786729858
1030,2013,"topico29",0.0753228840125392
1031,2013,"topico30",0.0806870229007634
1032,2013,"topico31",0.099943143812709
1033,2013,"topico32",0.0916217948717949
1034,2013,"topico33",0.0863998211091234
1035,2013,"topico34",0.059496875
1036,2013,"topico35",0.091785046728972
1037,2013,"topico36",0.0843582089552239
1038,2013,"topico37",0.107941071428571
1039,2013,"topico38",0.0948205128205128
1040,2013,"topico39",0.0860322580645161
1041,2013,"topico40",0.0736495468277946
1042,2013,"topico41",0.127557591623037
1043,2013,"topico42",0.0817659574468085
1044,2013,"topico43",0.0789658792650919
1045,2013,"topico44",0.0784900662251656
1046,2013,"topico45",0.0750686274509804
1047,2013,"topico46",0.0740746666666667
1048,2013,"topico47",0.0821234567901235
1049,2013,"topico48",0.124715404699739
1050,2013,"topico49",0.0930638820638821
1051,2013,"topico50",0.101908
1052,2013,"topico51",0.122846394984326
1053,2013,"topico52",0.0679272030651341
1054,2013,"topico53",0.0884432624113475
1055,2013,"topico54",0.110052770448549
1056,2013,"topico55",0.103415162454874
1057,2013,"topico56",0.0735360824742268
1058,2013,"topico57",0.0943930481283422
1059,2013,"topico58",0.0955432432432432
1060,2013,"topico59",0.0757024539877301
1061,2013,"topico60",0.0951857142857143
1062,2013,"topico61",0.0729377203290247
1063,2013,"topico62",0.0889027777777778
1064,2013,"topico63",0.0845464285714286
1065,2013,"topico64",0.0889348441926346
1066,2013,"topico65",0.0811624500665779
1067,2013,"topico66",0.0867962382445141
1068,2013,"topico67",0.0978820754716981
1069,2013,"topico68",0.103172910662824
1070,2013,"topico69",0.0838610271903323
1071,2013,"topico70",0.0686842105263158
1072,2013,"topico71",0.0958203592814371
1073,2013,"topico72",0.0815062761506276
1074,2013,"topico73",0.0977861915367483
1075,2013,"topico74",0.0852945205479452
1076,2013,"topico75",0.0883250883392226
1077,2013,"topico76",0.0754344827586207
1078,2013,"topico77",0.0944428969359331
1079,2013,"topico78",0.0785929203539823
1080,2013,"topico79",0.10052034261242
1081,2013,"topico80",0.0893738019169329
1082,2013,"topico81",0.0779494382022472
1083,2013,"topico82",0.0868819188191882
1084,2013,"topico83",0.0837644230769231
1085,2013,"topico84",0.0928052805280528
1086,2013,"topico85",0.109336666666667
1087,2013,"topico86",0.0959009900990099
1088,2013,"topico87",0.082578488372093
1089,2013,"topico88",0.0952471482889734
1090,2013,"topico89",0.103049707602339
1091,2013,"topico90",0.0691357142857143
1092,2013,"topico91",0.0671072463768116
1093,2013,"topico92",0.104333333333333
1094,2013,"topico93",0.0703014184397163
1095,2013,"topico94",0.0822441717791411
1096,2013,"topico95",0.098510775862069
1097,2013,"topico96",0.0971535714285714
1098,2013,"topico97",0.101001841620626
1099,2013,"topico98",0.122420994475138
1100,2013,"topico99",0.0864774774774775
1101,2014,"topico01",0.07338
1102,2014,"topico02",0.0860576368876081
1103,2014,"topico03",0.0777507692307692
1104,2014,"topico04",0.0741153846153846
1105,2014,"topico05",0.100788413098237
1106,2014,"topico06",0.0865700123915737
1107,2014,"topico07",0.0765677233429395
1108,2014,"topico08",0.0938138957816377
1109,2014,"topico09",0.0696085714285714
1110,2014,"topico10",0.0728617363344051
1111,2014,"topico100",0.119880952380952
1112,2014,"topico11",0.0816354166666667
1113,2014,"topico12",0.0902197802197802
1114,2014,"topico13",0.0787115384615385
1115,2014,"topico14",0.0757095709570957
1116,2014,"topico15",0.0879341317365269
1117,2014,"topico16",0.0710541871921182
1118,2014,"topico17",0.0976867469879518
1119,2014,"topico18",0.0824169278996865
1120,2014,"topico19",0.0829561200923788
1121,2014,"topico20",0.106244897959184
1122,2014,"topico21",0.090491961414791
1123,2014,"topico22",0.0994581151832461
1124,2014,"topico23",0.0717103658536585
1125,2014,"topico24",0.0770687203791469
1126,2014,"topico25",0.0776024844720497
1127,2014,"topico26",0.0722385057471264
1128,2014,"topico27",0.0800619718309859
1129,2014,"topico28",0.092053164556962
1130,2014,"topico29",0.0851848739495798
1131,2014,"topico30",0.0688015075376884
1132,2014,"topico31",0.0962702702702703
1133,2014,"topico32",0.0734591549295775
1134,2014,"topico33",0.0898838652482269
1135,2014,"topico34",0.0665445292620865
1136,2014,"topico35",0.0746028571428571
1137,2014,"topico36",0.0853174061433447
1138,2014,"topico37",0.107922348484848
1139,2014,"topico38",0.117538283062645
1140,2014,"topico39",0.0921505016722408
1141,2014,"topico40",0.0649294117647059
1142,2014,"topico41",0.128509971509972
1143,2014,"topico42",0.0826730158730159
1144,2014,"topico43",0.0987474489795918
1145,2014,"topico44",0.0746739811912226
1146,2014,"topico45",0.0705348837209302
1147,2014,"topico46",0.0726225
1148,2014,"topico47",0.0690828571428571
1149,2014,"topico48",0.135399262899263
1150,2014,"topico49",0.0920094786729858
1151,2014,"topico50",0.0922297794117647
1152,2014,"topico51",0.11457908847185
1153,2014,"topico52",0.0850514469453376
1154,2014,"topico53",0.0936194968553459
1155,2014,"topico54",0.107180107526882
1156,2014,"topico55",0.0924746835443038
1157,2014,"topico56",0.0581672354948805
1158,2014,"topico57",0.0836589147286822
1159,2014,"topico58",0.0954486486486486
1160,2014,"topico59",0.0639861878453039
1161,2014,"topico60",0.0927175925925926
1162,2014,"topico61",0.0741754385964912
1163,2014,"topico62",0.0815060606060606
1164,2014,"topico63",0.0875794392523365
1165,2014,"topico64",0.0916581632653061
1166,2014,"topico65",0.0914868421052632
1167,2014,"topico66",0.0756036269430052
1168,2014,"topico67",0.0981341463414634
1169,2014,"topico68",0.099099173553719
1170,2014,"topico69",0.0856455331412104
1171,2014,"topico70",0.0781764705882353
1172,2014,"topico71",0.0866337662337662
1173,2014,"topico72",0.0806305595408895
1174,2014,"topico73",0.0936182170542636
1175,2014,"topico74",0.0877707006369427
1176,2014,"topico75",0.072256880733945
1177,2014,"topico76",0.0720085959885387
1178,2014,"topico77",0.0929714285714286
1179,2014,"topico78",0.072844262295082
1180,2014,"topico79",0.116468937875752
1181,2014,"topico80",0.0796069182389937
1182,2014,"topico81",0.0750855614973262
1183,2014,"topico82",0.0876904761904762
1184,2014,"topico83",0.0873506815365551
1185,2014,"topico84",0.0856174698795181
1186,2014,"topico85",0.0938837837837838
1187,2014,"topico86",0.0968747628083491
1188,2014,"topico87",0.0898969359331476
1189,2014,"topico88",0.0844982578397213
1190,2014,"topico89",0.0877848484848485
1191,2014,"topico90",0.0728751879699248
1192,2014,"topico91",0.0729390243902439
1193,2014,"topico92",0.0880261627906977
1194,2014,"topico93",0.0701114754098361
1195,2014,"topico94",0.0910785024154589
1196,2014,"topico95",0.0996150712830957
1197,2014,"topico96",0.0866329113924051
1198,2014,"topico97",0.0981372212692967
1199,2014,"topico98",0.116808588957055
1200,2014,"topico99",0.0922178770949721
1201,2015,"topico01",0.0668168421052632
1202,2015,"topico02",0.0789823677581864
1203,2015,"topico03",0.0746205250596659
1204,2015,"topico04",0.0665463510848126
1205,2015,"topico05",0.08095841995842
1206,2015,"topico06",0.0893498817966903
1207,2015,"topico07",0.06785
1208,2015,"topico08",0.0862016806722689
1209,2015,"topico09",0.0630459770114943
1210,2015,"topico10",0.0595283018867925
1211,2015,"topico100",0.117014354066986
1212,2015,"topico11",0.0655262008733624
1213,2015,"topico12",0.0847164750957854
1214,2015,"topico13",0.0806845018450184
1215,2015,"topico14",0.0820134645261523
1216,2015,"topico15",0.0713479318734793
1217,2015,"topico16",0.0706434426229508
1218,2015,"topico17",0.098403453689168
1219,2015,"topico18",0.0771896103896104
1220,2015,"topico19",0.075410447761194
1221,2015,"topico20",0.096464
1222,2015,"topico21",0.081080303030303
1223,2015,"topico22",0.102889135254989
1224,2015,"topico23",0.0712051948051948
1225,2015,"topico24",0.072393063583815
1226,2015,"topico25",0.0755875576036866
1227,2015,"topico26",0.0643540669856459
1228,2015,"topico27",0.0781883116883117
1229,2015,"topico28",0.0977467248908297
1230,2015,"topico29",0.0665869565217391
1231,2015,"topico30",0.0635227272727273
1232,2015,"topico31",0.0812831632653061
1233,2015,"topico32",0.0744897025171625
1234,2015,"topico33",0.0833115044247788
1235,2015,"topico34",0.0620285714285714
1236,2015,"topico35",0.0641536697247706
1237,2015,"topico36",0.0637302052785924
1238,2015,"topico37",0.106800978792822
1239,2015,"topico38",0.0874945770065076
1240,2015,"topico39",0.0839670050761421
1241,2015,"topico40",0.0614322429906542
1242,2015,"topico41",0.117347290640394
1243,2015,"topico42",0.0689525
1244,2015,"topico43",0.0812096069868996
1245,2015,"topico44",0.0735859375
1246,2015,"topico45",0.0602846715328467
1247,2015,"topico46",0.0724435318275154
1248,2015,"topico47",0.0609665071770335
1249,2015,"topico48",0.129259216589862
1250,2015,"topico49",0.0860384615384615
1251,2015,"topico50",0.0907950819672131
1252,2015,"topico51",0.0964245283018868
1253,2015,"topico52",0.0685308056872038
1254,2015,"topico53",0.0816551724137931
1255,2015,"topico54",0.0909577777777778
1256,2015,"topico55",0.0793776041666667
1257,2015,"topico56",0.0598674033149171
1258,2015,"topico57",0.0754255319148936
1259,2015,"topico58",0.0858394495412844
1260,2015,"topico59",0.0624051522248244
1261,2015,"topico60",0.0889403846153846
1262,2015,"topico61",0.0861407982261641
1263,2015,"topico62",0.071020316027088
1264,2015,"topico63",0.0683475
1265,2015,"topico64",0.0832123456790123
1266,2015,"topico65",0.0884378920953576
1267,2015,"topico66",0.0709708737864078
1268,2015,"topico67",0.0825115789473684
1269,2015,"topico68",0.110212121212121
1270,2015,"topico69",0.0727506493506494
1271,2015,"topico70",0.072063829787234
1272,2015,"topico71",0.0831119221411192
1273,2015,"topico72",0.0914546632124352
1274,2015,"topico73",0.0882314814814815
1275,2015,"topico74",0.0790823723228995
1276,2015,"topico75",0.0700962025316456
1277,2015,"topico76",0.0631333333333333
1278,2015,"topico77",0.0808776978417266
1279,2015,"topico78",0.0707587719298246
1280,2015,"topico79",0.104992606284658
1281,2015,"topico80",0.0701130653266332
1282,2015,"topico81",0.070745995423341
1283,2015,"topico82",0.0672987341772152
1284,2015,"topico83",0.0851467780429594
1285,2015,"topico84",0.068920424403183
1286,2015,"topico85",0.0936658711217184
1287,2015,"topico86",0.101844086021505
1288,2015,"topico87",0.0865076530612245
1289,2015,"topico88",0.0659566473988439
1290,2015,"topico89",0.0802466063348416
1291,2015,"topico90",0.0747401894451962
1292,2015,"topico91",0.0730059387848333
1293,2015,"topico92",0.0793759213759214
1294,2015,"topico93",0.0572036613272311
1295,2015,"topico94",0.0906776470588235
1296,2015,"topico95",0.0938
1297,2015,"topico96",0.0704493506493507
1298,2015,"topico97",0.10327652733119
1299,2015,"topico98",0.108582943925234
1300,2015,"topico99",0.0810554371002132
1301,2016,"topico01",0.0623333333333333
1302,2016,"topico02",0.0816947608200456
1303,2016,"topico03",0.0706
1304,2016,"topico04",0.069292828685259
1305,2016,"topico05",0.0887245119305857
1306,2016,"topico06",0.0891107184923439
1307,2016,"topico07",0.0807545454545455
1308,2016,"topico08",0.0849426877470356
1309,2016,"topico09",0.0643722943722944
1310,2016,"topico10",0.0557170263788969
1311,2016,"topico100",0.105199346405229
1312,2016,"topico11",0.0691434782608696
1313,2016,"topico12",0.0889113110539846
1314,2016,"topico13",0.083720703125
1315,2016,"topico14",0.0834269129287599
1316,2016,"topico15",0.0767299270072993
1317,2016,"topico16",0.0646871165644172
1318,2016,"topico17",0.0958091482649842
1319,2016,"topico18",0.0778804597701149
1320,2016,"topico19",0.0835977443609023
1321,2016,"topico20",0.0967741176470588
1322,2016,"topico21",0.0825650929899857
1323,2016,"topico22",0.0960975609756098
1324,2016,"topico23",0.0664621212121212
1325,2016,"topico24",0.069037773359841
1326,2016,"topico25",0.072911838790932
1327,2016,"topico26",0.0600926365795724
1328,2016,"topico27",0.0743714902807775
1329,2016,"topico28",0.0878983050847458
1330,2016,"topico29",0.0684796573875803
1331,2016,"topico30",0.0666016949152542
1332,2016,"topico31",0.0821058558558558
1333,2016,"topico32",0.0697249417249417
1334,2016,"topico33",0.0894236842105263
1335,2016,"topico34",0.0675
1336,2016,"topico35",0.0707220902612827
1337,2016,"topico36",0.0704116094986807
1338,2016,"topico37",0.106916805324459
1339,2016,"topico38",0.0990836820083682
1340,2016,"topico39",0.0839951100244499
1341,2016,"topico40",0.0682368421052632
1342,2016,"topico41",0.125462829736211
1343,2016,"topico42",0.0632953995157385
1344,2016,"topico43",0.087478672985782
1345,2016,"topico44",0.0743678756476684
1346,2016,"topico45",0.064220623501199
1347,2016,"topico46",0.0714123505976096
1348,2016,"topico47",0.0638041958041958
1349,2016,"topico48",0.129030588235294
1350,2016,"topico49",0.0811736526946108
1351,2016,"topico50",0.0940275974025974
1352,2016,"topico51",0.097096926713948
1353,2016,"topico52",0.071436754176611
1354,2016,"topico53",0.0965993740219092
1355,2016,"topico54",0.0890958904109589
1356,2016,"topico55",0.079525198938992
1357,2016,"topico56",0.0547142857142857
1358,2016,"topico57",0.08104329004329
1359,2016,"topico58",0.0848391608391608
1360,2016,"topico59",0.0619868708971554
1361,2016,"topico60",0.0851046728971963
1362,2016,"topico61",0.0833490460157127
1363,2016,"topico62",0.0659107551487414
1364,2016,"topico63",0.0662594458438287
1365,2016,"topico64",0.0829054945054945
1366,2016,"topico65",0.0925129533678756
1367,2016,"topico66",0.0797006237006237
1368,2016,"topico67",0.0957748226950355
1369,2016,"topico68",0.119309823677582
1370,2016,"topico69",0.0818939759036145
1371,2016,"topico70",0.0696374407582938
1372,2016,"topico71",0.0791621621621622
1373,2016,"topico72",0.0819469696969697
1374,2016,"topico73",0.0940998278829604
1375,2016,"topico74",0.0867527386541471
1376,2016,"topico75",0.0723276699029126
1377,2016,"topico76",0.0728487584650113
1378,2016,"topico77",0.0879872611464968
1379,2016,"topico78",0.072192037470726
1380,2016,"topico79",0.0920198412698413
1381,2016,"topico80",0.072575
1382,2016,"topico81",0.0632377450980392
1383,2016,"topico82",0.0675166666666667
1384,2016,"topico83",0.0940159635119726
1385,2016,"topico84",0.0722466124661247
1386,2016,"topico85",0.088613810741688
1387,2016,"topico86",0.0938504201680672
1388,2016,"topico87",0.0785088105726872
1389,2016,"topico88",0.0735941644562334
1390,2016,"topico89",0.0844049773755656
1391,2016,"topico90",0.0766849132176235
1392,2016,"topico91",0.0719460562103355
1393,2016,"topico92",0.0758891820580475
1394,2016,"topico93",0.0622446808510638
1395,2016,"topico94",0.0989798206278027
1396,2016,"topico95",0.0953016453382084
1397,2016,"topico96",0.0759582245430809
1398,2016,"topico97",0.0959968404423381
1399,2016,"topico98",0.114381327334083
1400,2016,"topico99",0.0756182669789227
1401,2017,"topico01",0.0565821917808219
1402,2017,"topico02",0.0699432773109244
1403,2017,"topico03",0.0674288840262582
1404,2017,"topico04",0.0694965517241379
1405,2017,"topico05",0.0913254972875226
1406,2017,"topico06",0.0870427631578947
1407,2017,"topico07",0.0786570247933884
1408,2017,"topico08",0.081937618147448
1409,2017,"topico09",0.0596923076923077
1410,2017,"topico10",0.0503101391650099
1411,2017,"topico100",0.101407523510972
1412,2017,"topico11",0.0656478102189781
1413,2017,"topico12",0.0791836027713626
1414,2017,"topico13",0.0793311897106109
1415,2017,"topico14",0.0830877823408624
1416,2017,"topico15",0.0692899543378995
1417,2017,"topico16",0.0668441780821918
1418,2017,"topico17",0.0996361149110807
1419,2017,"topico18",0.0764307036247335
1420,2017,"topico19",0.0735158597662771
1421,2017,"topico20",0.0850823529411765
1422,2017,"topico21",0.0756460526315789
1423,2017,"topico22",0.0870933609958506
1424,2017,"topico23",0.0695766423357664
1425,2017,"topico24",0.0632931354359926
1426,2017,"topico25",0.0689956331877729
1427,2017,"topico26",0.0637629937629938
1428,2017,"topico27",0.0628450704225352
1429,2017,"topico28",0.0917440677966102
1430,2017,"topico29",0.0688353174603175
1431,2017,"topico30",0.0617285974499089
1432,2017,"topico31",0.0764732673267327
1433,2017,"topico32",0.0660466101694915
1434,2017,"topico33",0.078621645021645
1435,2017,"topico34",0.0597299813780261
1436,2017,"topico35",0.0628813186813187
1437,2017,"topico36",0.0616866485013624
1438,2017,"topico37",0.105478707782673
1439,2017,"topico38",0.0918950381679389
1440,2017,"topico39",0.0754593301435407
1441,2017,"topico40",0.0643369803063457
1442,2017,"topico41",0.113509009009009
1443,2017,"topico42",0.0683895833333333
1444,2017,"topico43",0.0814353369763206
1445,2017,"topico44",0.0670094786729858
1446,2017,"topico45",0.0628903803131991
1447,2017,"topico46",0.0660191304347826
1448,2017,"topico47",0.0660427927927928
1449,2017,"topico48",0.132924590163934
1450,2017,"topico49",0.0714533333333333
1451,2017,"topico50",0.0840057636887608
1452,2017,"topico51",0.0925058004640371
1453,2017,"topico52",0.0684903381642512
1454,2017,"topico53",0.0858709677419355
1455,2017,"topico54",0.0891385199240987
1456,2017,"topico55",0.0765753086419753
1457,2017,"topico56",0.0525073891625616
1458,2017,"topico57",0.0764507874015748
1459,2017,"topico58",0.0949445506692161
1460,2017,"topico59",0.061980306345733
1461,2017,"topico60",0.0897455716586151
1462,2017,"topico61",0.082625
1463,2017,"topico62",0.0645761316872428
1464,2017,"topico63",0.0667223529411765
1465,2017,"topico64",0.0781232876712329
1466,2017,"topico65",0.0925093304061471
1467,2017,"topico66",0.0723608017817372
1468,2017,"topico67",0.0876564102564103
1469,2017,"topico68",0.104220125786164
1470,2017,"topico69",0.0745576923076923
1471,2017,"topico70",0.0677574626865672
1472,2017,"topico71",0.0827317073170732
1473,2017,"topico72",0.087590763309814
1474,2017,"topico73",0.0904345794392523
1475,2017,"topico74",0.083719414893617
1476,2017,"topico75",0.0648271119842829
1477,2017,"topico76",0.0659408502772643
1478,2017,"topico77",0.0741172707889126
1479,2017,"topico78",0.0677174348697395
1480,2017,"topico79",0.098669918699187
1481,2017,"topico80",0.0709219512195122
1482,2017,"topico81",0.0607172131147541
1483,2017,"topico82",0.0639751243781095
1484,2017,"topico83",0.0974196721311475
1485,2017,"topico84",0.0697717391304348
1486,2017,"topico85",0.0950228136882129
1487,2017,"topico86",0.0923076923076923
1488,2017,"topico87",0.0788810408921933
1489,2017,"topico88",0.0700108108108108
1490,2017,"topico89",0.0846210317460317
1491,2017,"topico90",0.0674858548585486
1492,2017,"topico91",0.0772707786526684
1493,2017,"topico92",0.0717790432801822
1494,2017,"topico93",0.0564583333333333
1495,2017,"topico94",0.0938051948051948
1496,2017,"topico95",0.086135
1497,2017,"topico96",0.0613585858585859
1498,2017,"topico97",0.0961043219076006
1499,2017,"topico98",0.111075740944018
1500,2017,"topico99",0.0775144927536232
